{
  "warnings": [
    {
      "file": "/Users/tarun/Talentica/Projects/OmnyPay/Source/ios-sdk-ng/OmnyPayAPI/OmnyPayAPI/Models/Basket.swift",
      "line": 34,
      "symbol": "Basket.init()",
      "symbol_kind": "source.lang.swift.decl.function.method.instance",
      "warning": "undocumented"
    },
    {
      "file": "/Users/tarun/Talentica/Projects/OmnyPay/Source/ios-sdk-ng/OmnyPayAPI/OmnyPayAPI/Models/Basket.swift",
      "line": 62,
      "symbol": "BasketState.New",
      "symbol_kind": "source.lang.swift.decl.enumelement",
      "warning": "undocumented"
    },
    {
      "file": "/Users/tarun/Talentica/Projects/OmnyPay/Source/ios-sdk-ng/OmnyPayAPI/OmnyPayAPI/Models/Basket.swift",
      "line": 63,
      "symbol": "BasketState.CompleteScan",
      "symbol_kind": "source.lang.swift.decl.enumelement",
      "warning": "undocumented"
    },
    {
      "file": "/Users/tarun/Talentica/Projects/OmnyPay/Source/ios-sdk-ng/OmnyPayAPI/OmnyPayAPI/Models/Basket.swift",
      "line": 64,
      "symbol": "BasketState.InitiatePayment",
      "symbol_kind": "source.lang.swift.decl.enumelement",
      "warning": "undocumented"
    },
    {
      "file": "/Users/tarun/Talentica/Projects/OmnyPay/Source/ios-sdk-ng/OmnyPayAPI/OmnyPayAPI/Models/Basket.swift",
      "line": 65,
      "symbol": "BasketState.ReadyForPayment",
      "symbol_kind": "source.lang.swift.decl.enumelement",
      "warning": "undocumented"
    },
    {
      "file": "/Users/tarun/Talentica/Projects/OmnyPay/Source/ios-sdk-ng/OmnyPayAPI/OmnyPayAPI/Models/Basket.swift",
      "line": 66,
      "symbol": "BasketState.CompleteTransaction",
      "symbol_kind": "source.lang.swift.decl.enumelement",
      "warning": "undocumented"
    },
    {
      "file": "/Users/tarun/Talentica/Projects/OmnyPay/Source/ios-sdk-ng/OmnyPayAPI/OmnyPayAPI/Models/Basket.swift",
      "line": 67,
      "symbol": "BasketState.CancelTransaction",
      "symbol_kind": "source.lang.swift.decl.enumelement",
      "warning": "undocumented"
    },
    {
      "file": "/Users/tarun/Talentica/Projects/OmnyPay/Source/ios-sdk-ng/OmnyPayAPI/OmnyPayAPI/Models/BasketPaymentConfirmation.swift",
      "line": 39,
      "symbol": "BasketPaymentConfirmationStatus.Error",
      "symbol_kind": "source.lang.swift.decl.enumelement",
      "warning": "undocumented"
    },
    {
      "file": "/Users/tarun/Talentica/Projects/OmnyPay/Source/ios-sdk-ng/OmnyPayAPI/OmnyPayAPI/Models/BasketPaymentConfirmation.swift",
      "line": 40,
      "symbol": "BasketPaymentConfirmationStatus.Ok",
      "symbol_kind": "source.lang.swift.decl.enumelement",
      "warning": "undocumented"
    },
    {
      "file": "/Users/tarun/Talentica/Projects/OmnyPay/Source/ios-sdk-ng/OmnyPayAPI/OmnyPayAPI/Models/Merchant.swift",
      "line": 33,
      "symbol": "OmnyPayMerchant.payment",
      "symbol_kind": "source.lang.swift.decl.var.instance",
      "warning": "undocumented"
    },
    {
      "file": "/Users/tarun/Talentica/Projects/OmnyPay/Source/ios-sdk-ng/OmnyPayAPI/OmnyPayAPI/Models/PaymentInstrumentOffers.swift",
      "line": 19,
      "symbol": "CardType.Credit",
      "symbol_kind": "source.lang.swift.decl.enumelement",
      "warning": "undocumented"
    },
    {
      "file": "/Users/tarun/Talentica/Projects/OmnyPay/Source/ios-sdk-ng/OmnyPayAPI/OmnyPayAPI/Models/PaymentInstrumentOffers.swift",
      "line": 20,
      "symbol": "CardType.ChargeCard",
      "symbol_kind": "source.lang.swift.decl.enumelement",
      "warning": "undocumented"
    },
    {
      "file": "/Users/tarun/Talentica/Projects/OmnyPay/Source/ios-sdk-ng/OmnyPayAPI/OmnyPayAPI/Models/PaymentInstrumentOffers.swift",
      "line": 21,
      "symbol": "CardType.GiftCard",
      "symbol_kind": "source.lang.swift.decl.enumelement",
      "warning": "undocumented"
    },
    {
      "file": "/Users/tarun/Talentica/Projects/OmnyPay/Source/ios-sdk-ng/OmnyPayAPI/OmnyPayAPI/Models/PaymentInstrumentOffers.swift",
      "line": 22,
      "symbol": "CardType.Debit",
      "symbol_kind": "source.lang.swift.decl.enumelement",
      "warning": "undocumented"
    },
    {
      "file": "/Users/tarun/Talentica/Projects/OmnyPay/Source/ios-sdk-ng/OmnyPayAPI/OmnyPayAPI/Models/PaymentTypeOffer.swift",
      "line": 77,
      "symbol": "PaymentType.Credit",
      "symbol_kind": "source.lang.swift.decl.enumelement",
      "warning": "undocumented"
    },
    {
      "file": "/Users/tarun/Talentica/Projects/OmnyPay/Source/ios-sdk-ng/OmnyPayAPI/OmnyPayAPI/Models/PaymentTypeOffer.swift",
      "line": 78,
      "symbol": "PaymentType.ChargeCard",
      "symbol_kind": "source.lang.swift.decl.enumelement",
      "warning": "undocumented"
    },
    {
      "file": "/Users/tarun/Talentica/Projects/OmnyPay/Source/ios-sdk-ng/OmnyPayAPI/OmnyPayAPI/Models/PaymentTypeOffer.swift",
      "line": 79,
      "symbol": "PaymentType.GiftCard",
      "symbol_kind": "source.lang.swift.decl.enumelement",
      "warning": "undocumented"
    },
    {
      "file": "/Users/tarun/Talentica/Projects/OmnyPay/Source/ios-sdk-ng/OmnyPayAPI/OmnyPayAPI/Models/PaymentTypeOffer.swift",
      "line": 80,
      "symbol": "PaymentType.Debit",
      "symbol_kind": "source.lang.swift.decl.enumelement",
      "warning": "undocumented"
    },
    {
      "file": "/Users/tarun/Talentica/Projects/OmnyPay/Source/ios-sdk-ng/OmnyPayAPI/OmnyPayAPI/OmnyPayError.swift",
      "line": 23,
      "symbol": "OmnyPayError.RequiredDataNotAvailableReason.merchantIdNotAvailable",
      "symbol_kind": "source.lang.swift.decl.enumelement",
      "warning": "undocumented"
    },
    {
      "file": "/Users/tarun/Talentica/Projects/OmnyPay/Source/ios-sdk-ng/OmnyPayAPI/OmnyPayAPI/OmnyPayError.swift",
      "line": 24,
      "symbol": "OmnyPayError.RequiredDataNotAvailableReason.sessionNotAvailable",
      "symbol_kind": "source.lang.swift.decl.enumelement",
      "warning": "undocumented"
    },
    {
      "file": "/Users/tarun/Talentica/Projects/OmnyPay/Source/ios-sdk-ng/OmnyPayAPI/OmnyPayAPI/OmnyPayError.swift",
      "line": 25,
      "symbol": "OmnyPayError.RequiredDataNotAvailableReason.authenticatedSessionNotAvailable",
      "symbol_kind": "source.lang.swift.decl.enumelement",
      "warning": "undocumented"
    },
    {
      "file": "/Users/tarun/Talentica/Projects/OmnyPay/Source/ios-sdk-ng/OmnyPayAPI/OmnyPayAPI/OmnyPayError.swift",
      "line": 26,
      "symbol": "OmnyPayError.RequiredDataNotAvailableReason.basketIdNotAvailable",
      "symbol_kind": "source.lang.swift.decl.enumelement",
      "warning": "undocumented"
    },
    {
      "file": "/Users/tarun/Talentica/Projects/OmnyPay/Source/ios-sdk-ng/OmnyPayAPI/OmnyPayAPI/OmnyPayError.swift",
      "line": 27,
      "symbol": "OmnyPayError.RequiredDataNotAvailableReason.shopperIdNotAvailable",
      "symbol_kind": "source.lang.swift.decl.enumelement",
      "warning": "undocumented"
    },
    {
      "file": "/Users/tarun/Talentica/Projects/OmnyPay/Source/ios-sdk-ng/OmnyPayAPI/OmnyPayAPI/OmnyPayError.swift",
      "line": 34,
      "symbol": "OmnyPayError.DataValidationFailedReason.merchantInvalid",
      "symbol_kind": "source.lang.swift.decl.enumelement",
      "warning": "undocumented"
    },
    {
      "file": "/Users/tarun/Talentica/Projects/OmnyPay/Source/ios-sdk-ng/OmnyPayAPI/OmnyPayAPI/OmnyPayError.swift",
      "line": 37,
      "symbol": "OmnyPayError.requiredDataNotAvailable",
      "symbol_kind": "source.lang.swift.decl.enumelement",
      "warning": "undocumented"
    },
    {
      "file": "/Users/tarun/Talentica/Projects/OmnyPay/Source/ios-sdk-ng/OmnyPayAPI/OmnyPayAPI/OmnyPayError.swift",
      "line": 38,
      "symbol": "OmnyPayError.dataValidationFailed",
      "symbol_kind": "source.lang.swift.decl.enumelement",
      "warning": "undocumented"
    },
    {
      "file": "/Users/tarun/Talentica/Projects/OmnyPay/Source/ios-sdk-ng/OmnyPayAPI/OmnyPayAPI/OmnyPayError.swift",
      "line": 63,
      "symbol": "OmnyPayError.localizedDescription",
      "symbol_kind": "source.lang.swift.decl.var.instance",
      "warning": "undocumented"
    }
  ],
  "source_directory": "/Users/tarun/Talentica/Projects/OmnyPay/Source/ios-sdk-ng/OmnyPayAPI"
}